"identifier","weight","width","findspot","category"
"LW_nr_1",52.5,4.5,"Area_1","pyramidal"
"LW_nr_2",125.9,2.2,"unknown","diskoid"
"LW_nr_3",287,2.5,"Area_3","lentoid"
"LW_nr_4",187.2,2.9,"Area_3","pyramidal"
"LW_nr_5",30.4,3.1,"Area_1","pyramidal"
"LW_nr_6",97.9,4.4,"Area_2","diskoid"
"LW_nr_7",92,4.6,"Area_1","pyramidal"
"LW_nr_8",166,2.4,"Area_2","diskoid"
"LW_nr_9",108.8,1.9,"Area_3","lentoid"
"LW_nr_10",63.5,2.2,"Area_2","diskoid"
"LW_nr_11",22.8,2.9,"Area_3","diskoid"
"LW_nr_12",81.1,2,"Area_2","diskoid"
"LW_nr_13",95,2.4,"Area_2","pyramidal"
"LW_nr_14",68.5,3.4,"Area_1","diskoid"
"LW_nr_15",58,2,"Area_1","pyramidal"
"LW_nr_16",74,2.9,"unknown","lentoid"
"LW_nr_17",117.9,3.2,"unknown","diskoid"
"LW_nr_18",29.9,1.4,"unknown","pyramidal"
"LW_nr_19",62.5,1.7,"Area_1","pyramidal"
"LW_nr_20",69.8,2.1,"unknown","lentoid"
"LW_nr_21",120,2.1,"Area_3","pyramidal"
"LW_nr_22",219.4,2.4,"Area_1","lentoid"
"LW_nr_23",167.5,1.8,"unknown","diskoid"
"LW_nr_24",70.2,2.9,"Area_3","pyramidal"
"LW_nr_25",122.3,4.1,"unknown","pyramidal"
"LW_nr_26",42.1,4,"unknown","lentoid"
"LW_nr_27",107.4,3.2,"Area_1","diskoid"
"LW_nr_28",63.8,3.1,"Area_1","pyramidal"
"LW_nr_29",56.2,3.9,"unknown","lentoid"
"LW_nr_30",155.4,3.3,"unknown","pyramidal"
"LW_nr_31",19.8,1.5,"Area_3","diskoid"
"LW_nr_32",74.3,2.9,"Area_3","lentoid"
"LW_nr_33",40.6,2.1,"unknown","lentoid"
"LW_nr_34",219.7,2,"Area_1","lentoid"
"LW_nr_35",55.3,1.6,"unknown","diskoid"
"LW_nr_36",168.9,2.8,"Area_2","pyramidal"
"LW_nr_37",68.3,3.2,"unknown","diskoid"
"LW_nr_38",31.3,3.2,"unknown","pyramidal"
"LW_nr_39",101.9,2.9,"Area_3","diskoid"
"LW_nr_40",141.5,1.8,"unknown","diskoid"
"LW_nr_41",98.2,3.4,"Area_3","lentoid"
"LW_nr_42",165.1,2.7,"Area_1","diskoid"
"LW_nr_43",54.3,3.2,"unknown","lentoid"
"LW_nr_44",130.4,1.5,"Area_3","lentoid"
"LW_nr_45",78.4,2.3,"Area_1","lentoid"
"LW_nr_46",286.2,2.3,"unknown","diskoid"
"LW_nr_47",41,4.4,"Area_2","lentoid"
"LW_nr_48",133.2,1.7,"Area_2","lentoid"
"LW_nr_49",94.5,2,"Area_1","pyramidal"
"LW_nr_50",96.1,3.2,"Area_3","pyramidal"
"LW_nr_51",206.4,1.2,"unknown","pyramidal"
"LW_nr_52",248.3,4,"Area_3","diskoid"
"LW_nr_53",50.4,3.7,"Area_2","lentoid"
"LW_nr_54",109.7,2,"Area_3","diskoid"
"LW_nr_55",32.7,1.5,"unknown","pyramidal"
"LW_nr_56",91.2,3.3,"Area_2","lentoid"
"LW_nr_57",48.4,2.9,"unknown","lentoid"
"LW_nr_58",120.9,2.5,"unknown","pyramidal"
"LW_nr_59",30.7,3,"Area_3","lentoid"
"LW_nr_60",209.6,2.7,"unknown","diskoid"
"LW_nr_61",101,2.3,"Area_3","lentoid"
"LW_nr_62",143.7,2.9,"unknown","diskoid"
"LW_nr_63",185,4.4,"unknown","lentoid"
"LW_nr_64",32,3.6,"Area_3","lentoid"
"LW_nr_65",125.2,1.3,"Area_2","pyramidal"
"LW_nr_66",148.6,2.9,"Area_2","pyramidal"
"LW_nr_67",59,3,"Area_1","diskoid"
"LW_nr_68",177,0.9,"Area_1","pyramidal"
"LW_nr_69",39.1,3.3,"unknown","diskoid"
"LW_nr_70",134.9,2.6,"unknown","pyramidal"
"LW_nr_71",163.7,2.2,"Area_1","lentoid"
"LW_nr_72",83.4,3.3,"Area_1","lentoid"
"LW_nr_73",21.7,1.1,"Area_1","lentoid"
"LW_nr_74",129.3,2.6,"Area_1","pyramidal"
"LW_nr_75",152.2,2.5,"Area_3","lentoid"
"LW_nr_76",18.8,2.3,"unknown","lentoid"
"LW_nr_77",133.8,1.5,"Area_3","pyramidal"
"LW_nr_78",95.1,2.3,"Area_1","pyramidal"
"LW_nr_79",118.8,2.2,"Area_3","diskoid"
"LW_nr_80",194.3,3.8,"Area_3","pyramidal"
"LW_nr_81",223.7,3.7,"Area_3","lentoid"
"LW_nr_82",146.6,2.7,"Area_1","lentoid"
"LW_nr_83",12.4,4,"Area_2","diskoid"
"LW_nr_84",102.7,3.2,"unknown","pyramidal"
"LW_nr_85",106.5,2.8,"unknown","lentoid"
"LW_nr_86",221.8,3.7,"Area_3","pyramidal"
"LW_nr_87",18.7,3.4,"Area_3","pyramidal"
"LW_nr_88",163.7,5.5,"Area_1","pyramidal"
"LW_nr_89",42.9,2.7,"Area_3","pyramidal"
"LW_nr_90",221.5,1,"unknown","lentoid"
"LW_nr_91",79.5,2.6,"Area_3","pyramidal"
"LW_nr_92",55.2,0.1,"unknown","diskoid"
"LW_nr_93",173.4,2.1,"Area_1","pyramidal"
"LW_nr_94",104.3,1.5,"Area_1","diskoid"
"LW_nr_95",63.8,4,"Area_3","pyramidal"
"LW_nr_96",101.8,2.9,"Area_1","pyramidal"
"LW_nr_97",66.8,2.9,"unknown","diskoid"
"LW_nr_98",305.7,4.4,"unknown","lentoid"
"LW_nr_99",144.6,3.4,"Area_2","lentoid"
"LW_nr_100",181.6,3.9,"Area_2","diskoid"
"LW_nr_101",86.3,1.8,"Area_2","pyramidal"
"LW_nr_102",65,2.5,"unknown","lentoid"
"LW_nr_103",104.5,5.4,"Area_3","lentoid"
"LW_nr_104",202.7,1.8,"unknown","diskoid"
"LW_nr_105",195.5,2.8,"Area_3","pyramidal"
"LW_nr_106",94.5,1.9,"Area_1","pyramidal"
"LW_nr_107",107.1,1.5,"Area_2","pyramidal"
"LW_nr_108",187.4,2.7,"Area_1","lentoid"
"LW_nr_109",16.7,3.4,"Area_3","diskoid"
"LW_nr_110",49.8,3.4,"unknown","lentoid"
"LW_nr_111",42.4,1.8,"Area_3","diskoid"
"LW_nr_112",178.2,2.9,"Area_2","pyramidal"
"LW_nr_113",93.3,2.4,"unknown","pyramidal"
"LW_nr_114",149.3,3.7,"Area_1","lentoid"
"LW_nr_115",187.6,3,"Area_3","lentoid"
"LW_nr_116",90.6,4.2,"unknown","pyramidal"
"LW_nr_117",23.8,4.1,"Area_1","lentoid"
"LW_nr_118",56.8,3,"unknown","lentoid"
"LW_nr_119",178.3,1,"Area_1","diskoid"
"LW_nr_120",74.5,3.5,"unknown","lentoid"
"LW_nr_121",26.9,4.7,"Area_2","diskoid"
"LW_nr_122",115.3,1.3,"Area_1","lentoid"
"LW_nr_123",37.6,2.6,"unknown","lentoid"
"LW_nr_124",24,2.8,"Area_3","diskoid"
"LW_nr_125",82.4,2.6,"Area_3","lentoid"
"LW_nr_126",164.7,1.9,"Area_2","lentoid"
"LW_nr_127",14.1,2.7,"unknown","pyramidal"
"LW_nr_128",60.9,3.2,"Area_1","lentoid"
"LW_nr_129",113.5,3.1,"unknown","pyramidal"
"LW_nr_130",17.4,3.3,"Area_1","pyramidal"
"LW_nr_131",160.6,3.5,"Area_2","pyramidal"
"LW_nr_132",221.3,1.7,"Area_1","pyramidal"
"LW_nr_133",275.8,3.5,"Area_3","lentoid"
"LW_nr_134",16.3,3,"Area_3","lentoid"
"LW_nr_135",138.5,2.3,"Area_1","pyramidal"
"LW_nr_136",154,3.2,"Area_2","lentoid"
"LW_nr_137",126.9,1.4,"Area_2","pyramidal"
"LW_nr_138",146.9,1.8,"Area_1","pyramidal"
"LW_nr_139",33,3.1,"unknown","lentoid"
"LW_nr_140",92.4,2.1,"Area_2","lentoid"
"LW_nr_141",115.9,2.8,"Area_3","lentoid"
"LW_nr_142",159.5,4.2,"Area_2","pyramidal"
"LW_nr_143",10.9,2.9,"unknown","pyramidal"
"LW_nr_144",127.6,3.7,"Area_2","lentoid"
"LW_nr_145",215.8,1.9,"Area_2","diskoid"
"LW_nr_146",40.6,2.4,"Area_3","diskoid"
"LW_nr_147",268.4,3.5,"Area_2","diskoid"
"LW_nr_148",165.2,3.3,"unknown","diskoid"
"LW_nr_149",181.8,4.2,"Area_3","pyramidal"
"LW_nr_150",147.1,3.1,"unknown","pyramidal"
"LW_nr_151",127.8,1.7,"unknown","pyramidal"
"LW_nr_152",34.1,3,"Area_2","pyramidal"
"LW_nr_153",31.5,2.6,"Area_2","pyramidal"
"LW_nr_154",257,2,"Area_3","diskoid"
"LW_nr_155",26.5,2.3,"Area_3","diskoid"
"LW_nr_156",235.5,1.3,"Area_1","diskoid"
"LW_nr_157",116.7,3,"Area_1","lentoid"
"LW_nr_158",110.7,2.5,"Area_2","lentoid"
"LW_nr_159",87.9,4.2,"Area_3","diskoid"
"LW_nr_160",56.3,3.7,"Area_3","lentoid"
"LW_nr_161",205.3,2.6,"Area_1","lentoid"
"LW_nr_162",186.4,3.1,"Area_1","diskoid"
"LW_nr_163",16.1,2.7,"Area_2","diskoid"
"LW_nr_164",202,3.1,"unknown","pyramidal"
"LW_nr_165",52.5,4.1,"Area_2","diskoid"
"LW_nr_166",109.4,2,"Area_1","pyramidal"
"LW_nr_167",131.4,1.8,"Area_3","pyramidal"
"LW_nr_168",116.2,3.2,"Area_3","diskoid"
"LW_nr_169",35.9,4.7,"Area_2","diskoid"
"LW_nr_170",294.5,3,"Area_1","diskoid"
"LW_nr_171",167.5,4.3,"Area_1","diskoid"
"LW_nr_172",137.3,4.6,"Area_1","pyramidal"
"LW_nr_173",48.1,4,"Area_3","lentoid"
"LW_nr_174",101.9,2.5,"Area_1","pyramidal"
"LW_nr_175",37.7,2.5,"unknown","lentoid"
"LW_nr_176",132.6,4.2,"unknown","pyramidal"
"LW_nr_177",166.2,2.5,"Area_3","pyramidal"
"LW_nr_178",186.4,1.4,"Area_2","diskoid"
"LW_nr_179",112,1.7,"Area_2","pyramidal"
"LW_nr_180",37.3,3.4,"Area_3","pyramidal"
"LW_nr_181",77.2,2.1,"Area_3","pyramidal"
"LW_nr_182",196.3,2.2,"Area_3","pyramidal"
"LW_nr_183",74.6,3.9,"Area_3","pyramidal"
"LW_nr_184",68.6,0.9,"Area_3","pyramidal"
"LW_nr_185",175.1,2.6,"Area_3","diskoid"
"LW_nr_186",66.8,3.5,"Area_1","diskoid"
"LW_nr_187",122.6,2.6,"unknown","lentoid"
"LW_nr_188",179,2.4,"Area_2","diskoid"
"LW_nr_189",90.9,2.8,"Area_3","lentoid"
"LW_nr_190",230.1,1.8,"unknown","diskoid"
"LW_nr_191",76,1.6,"Area_1","diskoid"
"LW_nr_192",259,1.6,"Area_3","diskoid"
"LW_nr_193",150.4,2.9,"Area_1","diskoid"
"LW_nr_194",94.9,2.5,"Area_1","pyramidal"
"LW_nr_195",38.1,2.9,"Area_2","pyramidal"
"LW_nr_196",96.5,2.4,"unknown","lentoid"
"LW_nr_197",87.2,3.6,"Area_3","diskoid"
"LW_nr_198",268.4,1.8,"unknown","lentoid"
"LW_nr_199",276.8,3.8,"unknown","lentoid"
"LW_nr_200",85.1,3.5,"Area_3","diskoid"
"LW_nr_201",63.5,2.4,"Area_3","lentoid"
"LW_nr_202",54.6,2.9,"Area_3","pyramidal"
"LW_nr_203",49.3,2.2,"unknown","lentoid"
"LW_nr_204",10.8,1.7,"Area_2","lentoid"
"LW_nr_205",73.3,2.9,"unknown","diskoid"
"LW_nr_206",266.8,2.4,"Area_1","pyramidal"
"LW_nr_207",174,2.3,"Area_3","diskoid"
"LW_nr_208",157.7,2.6,"Area_1","pyramidal"
"LW_nr_209",140.7,3.5,"Area_1","diskoid"
"LW_nr_210",178.7,2,"Area_1","lentoid"
"LW_nr_211",176.2,2.2,"Area_3","diskoid"
"LW_nr_212",174.4,1.8,"Area_3","pyramidal"
"LW_nr_213",282,3.6,"Area_1","lentoid"
"LW_nr_214",140.2,2.2,"Area_2","pyramidal"
"LW_nr_215",111.1,4,"Area_1","lentoid"
"LW_nr_216",196.5,3.8,"unknown","lentoid"
"LW_nr_217",116.6,3.8,"Area_2","lentoid"
"LW_nr_218",54.4,2.9,"unknown","pyramidal"
"LW_nr_219",85.8,2.7,"Area_2","diskoid"
"LW_nr_220",179.4,3.6,"unknown","diskoid"
"LW_nr_221",152,2.5,"unknown","lentoid"
"LW_nr_222",69,2.3,"Area_2","diskoid"
"LW_nr_223",178,2.8,"Area_1","diskoid"
"LW_nr_224",76.1,3.6,"Area_1","diskoid"
"LW_nr_225",15.7,4.4,"Area_2","diskoid"
"LW_nr_226",117,3.7,"unknown","lentoid"
"LW_nr_227",122.4,2.5,"Area_2","diskoid"
"LW_nr_228",34,2.7,"Area_1","lentoid"
"LW_nr_229",117.8,2,"Area_1","pyramidal"
"LW_nr_230",116.3,3.2,"Area_2","lentoid"
"LW_nr_231",159.4,2.5,"unknown","pyramidal"
"LW_nr_232",215.8,2.2,"Area_3","diskoid"
"LW_nr_233",190.3,2.5,"Area_1","lentoid"
"LW_nr_234",155.1,4.1,"Area_1","diskoid"
"LW_nr_235",122.8,3.8,"unknown","pyramidal"
"LW_nr_236",96.3,4.3,"Area_2","lentoid"
"LW_nr_237",129.8,1.3,"unknown","pyramidal"
"LW_nr_238",212.4,3.6,"Area_1","lentoid"
"LW_nr_239",118.1,2.1,"Area_1","pyramidal"
"LW_nr_240",136.9,3.1,"Area_3","diskoid"
"LW_nr_241",187.7,2.8,"Area_2","pyramidal"
"LW_nr_242",103.6,3.7,"Area_1","lentoid"
"LW_nr_243",123,2.8,"Area_2","diskoid"
"LW_nr_244",198.5,2.9,"Area_3","diskoid"
"LW_nr_245",164.1,0.9,"Area_1","pyramidal"
"LW_nr_246",94.4,4,"Area_1","pyramidal"
"LW_nr_247",174.8,3.1,"Area_1","lentoid"
"LW_nr_248",209.7,1.3,"unknown","diskoid"
"LW_nr_249",37.1,2.6,"unknown","diskoid"
"LW_nr_250",18.9,2.8,"Area_2","pyramidal"
"LW_nr_251",48.3,3.2,"unknown","diskoid"
"LW_nr_252",221.1,1.8,"Area_3","lentoid"
"LW_nr_253",151.5,2.4,"Area_3","lentoid"
"LW_nr_254",182.9,0.5,"Area_1","lentoid"
"LW_nr_255",97.9,1.5,"Area_1","pyramidal"
"LW_nr_256",95.5,4.2,"Area_3","diskoid"
"LW_nr_257",17.1,4.4,"Area_1","diskoid"
"LW_nr_258",134.4,1.4,"unknown","pyramidal"
"LW_nr_259",16.2,4,"Area_2","pyramidal"
"LW_nr_260",103.3,3.5,"Area_2","diskoid"
"LW_nr_261",33.3,2.7,"Area_1","lentoid"
"LW_nr_262",67.8,3.9,"Area_2","lentoid"
"LW_nr_263",25.6,3.4,"Area_1","pyramidal"
"LW_nr_264",141.1,3.1,"Area_2","pyramidal"
"LW_nr_265",98,3.3,"Area_1","pyramidal"
"LW_nr_266",41.5,2.5,"Area_3","diskoid"
"LW_nr_267",18.9,3.4,"Area_1","diskoid"
"LW_nr_268",88,2.8,"Area_1","lentoid"
"LW_nr_269",204.8,3,"Area_2","diskoid"
"LW_nr_270",74.6,1.9,"unknown","pyramidal"
"LW_nr_271",123.6,2.6,"Area_3","lentoid"
"LW_nr_272",80.7,3.1,"Area_3","pyramidal"
"LW_nr_273",143.2,3.3,"Area_1","pyramidal"
"LW_nr_274",158.4,2.1,"Area_2","pyramidal"
"LW_nr_275",11.2,3.4,"Area_3","pyramidal"
"LW_nr_276",86.5,1.8,"Area_2","pyramidal"
"LW_nr_277",178.6,1.9,"Area_2","pyramidal"
"LW_nr_278",154.8,3.1,"Area_3","diskoid"
"LW_nr_279",246.3,1.4,"Area_2","diskoid"
"LW_nr_280",105.2,2.7,"Area_1","pyramidal"
"LW_nr_281",276.8,1.9,"Area_1","diskoid"
"LW_nr_282",261.5,2.9,"Area_3","pyramidal"
"LW_nr_283",242.1,3,"Area_1","diskoid"
"LW_nr_284",88.2,3.9,"Area_2","diskoid"
"LW_nr_285",132.4,2,"Area_2","lentoid"
"LW_nr_286",22.5,2.2,"Area_2","lentoid"
"LW_nr_287",26.2,4.5,"unknown","diskoid"
"LW_nr_288",147.4,3.6,"Area_3","lentoid"
"LW_nr_289",270.2,2.6,"Area_3","pyramidal"
"LW_nr_290",220.1,2.1,"unknown","diskoid"
"LW_nr_291",183,1.7,"Area_3","lentoid"
"LW_nr_292",70.6,1.7,"Area_1","diskoid"
"LW_nr_293",139.7,3.6,"Area_2","diskoid"
"LW_nr_294",163,2.3,"unknown","pyramidal"
"LW_nr_295",80.3,3.3,"Area_3","lentoid"
"LW_nr_296",265.5,2.6,"unknown","lentoid"
"LW_nr_297",139,2,"Area_2","lentoid"
"LW_nr_298",44.2,1.4,"unknown","lentoid"
"LW_nr_299",47.1,3.5,"Area_1","diskoid"
"LW_nr_300",128.7,3.8,"unknown","pyramidal"
"LW_nr_301",281,2.9,"Area_3","lentoid"
"LW_nr_302",83.5,2.8,"unknown","pyramidal"
"LW_nr_303",90.2,1.7,"Area_3","diskoid"
"LW_nr_304",127.1,3.9,"Area_1","lentoid"
"LW_nr_305",120.1,3.5,"Area_2","diskoid"
"LW_nr_306",171.3,3.1,"unknown","diskoid"
"LW_nr_307",176.2,2.2,"Area_2","lentoid"
"LW_nr_308",70.5,2.9,"unknown","pyramidal"
"LW_nr_309",201.8,4.2,"Area_3","pyramidal"
"LW_nr_310",47.7,2.4,"Area_3","diskoid"
"LW_nr_311",71.4,3.5,"Area_3","pyramidal"
"LW_nr_312",10.9,3.7,"Area_3","lentoid"
"LW_nr_313",134.9,3.6,"unknown","diskoid"
"LW_nr_314",62.9,2.5,"Area_2","pyramidal"
"LW_nr_315",119.6,1.2,"Area_3","diskoid"
"LW_nr_316",214.6,1,"Area_1","pyramidal"
"LW_nr_317",22,1.6,"Area_2","lentoid"
"LW_nr_318",106.9,2.6,"unknown","diskoid"
"LW_nr_319",28.7,1.3,"Area_3","pyramidal"
"LW_nr_320",302,1.9,"unknown","diskoid"
"LW_nr_321",138.3,3,"Area_1","pyramidal"
"LW_nr_322",128.6,2.7,"Area_3","diskoid"
"LW_nr_323",18.7,3.5,"Area_3","lentoid"
"LW_nr_324",115.7,2.7,"Area_1","pyramidal"
"LW_nr_325",152,2.8,"unknown","diskoid"
"LW_nr_326",78.7,3.9,"Area_1","pyramidal"
"LW_nr_327",19.1,2.6,"Area_3","pyramidal"
"LW_nr_328",179.6,2,"Area_2","diskoid"
"LW_nr_329",124.2,0.8,"Area_2","diskoid"
"LW_nr_330",110.2,4.7,"unknown","diskoid"
"LW_nr_331",130.8,2,"Area_1","diskoid"
"LW_nr_332",145,3.6,"Area_2","lentoid"
"LW_nr_333",164.3,0.1,"Area_1","lentoid"
"LW_nr_334",116.1,3.2,"Area_2","pyramidal"
"LW_nr_335",35,1.9,"Area_2","lentoid"
"LW_nr_336",84.9,3.2,"Area_1","lentoid"
"LW_nr_337",136.5,1.7,"Area_2","pyramidal"
"LW_nr_338",11.1,3.6,"Area_3","pyramidal"
"LW_nr_339",11.3,3.3,"unknown","lentoid"
"LW_nr_340",19,2,"Area_1","lentoid"
"LW_nr_341",65.1,3.5,"Area_3","diskoid"
"LW_nr_342",220.7,3,"unknown","diskoid"
"LW_nr_343",59.2,2.2,"Area_2","diskoid"
"LW_nr_344",49.1,5.4,"Area_1","diskoid"
"LW_nr_345",56.2,2.7,"unknown","pyramidal"
"LW_nr_346",154.9,1.8,"Area_1","lentoid"
"LW_nr_347",99.6,1.3,"Area_3","lentoid"
"LW_nr_348",302.8,1.9,"unknown","diskoid"
"LW_nr_349",62.8,4.6,"Area_2","lentoid"
"LW_nr_350",237.1,4.4,"Area_1","pyramidal"
"LW_nr_351",56,2.7,"Area_1","pyramidal"
"LW_nr_352",128,2.1,"Area_2","diskoid"
"LW_nr_353",45.6,3.2,"Area_3","lentoid"
"LW_nr_354",29.2,2.5,"Area_2","lentoid"
"LW_nr_355",149.5,2.2,"Area_3","diskoid"
"LW_nr_356",157.1,0.6,"Area_2","lentoid"
"LW_nr_357",66.2,3.2,"Area_1","pyramidal"
"LW_nr_358",61.2,2.7,"unknown","lentoid"
"LW_nr_359",240.7,3.4,"Area_3","lentoid"
"LW_nr_360",206.3,1.1,"Area_2","lentoid"
"LW_nr_361",82.1,2.8,"Area_1","pyramidal"
"LW_nr_362",306.1,2.4,"unknown","diskoid"
"LW_nr_363",194.6,0.8,"Area_1","lentoid"
"LW_nr_364",157.1,2.9,"Area_1","lentoid"
"LW_nr_365",55.7,3.8,"Area_1","diskoid"
"LW_nr_366",29.3,3.1,"unknown","diskoid"
"LW_nr_367",39.8,2.6,"Area_3","diskoid"
"LW_nr_368",121.1,1.9,"unknown","pyramidal"
"LW_nr_369",182.7,5.6,"Area_1","lentoid"
"LW_nr_370",105.1,2.8,"unknown","lentoid"
"LW_nr_371",52.3,1.9,"Area_3","diskoid"
"LW_nr_372",95.5,2.5,"Area_3","diskoid"
"LW_nr_373",156.6,1.8,"Area_1","lentoid"
"LW_nr_374",128.3,3.7,"Area_3","lentoid"
"LW_nr_375",22.9,4,"Area_2","pyramidal"
"LW_nr_376",30.3,4.9,"Area_1","diskoid"
"LW_nr_377",104.3,4.1,"unknown","lentoid"
"LW_nr_378",26.8,1.2,"unknown","lentoid"
"LW_nr_379",182.3,1.8,"unknown","lentoid"
"LW_nr_380",48.9,2.6,"Area_1","pyramidal"
"LW_nr_381",18.9,4.7,"Area_2","diskoid"
"LW_nr_382",121.2,2.3,"Area_2","pyramidal"
"LW_nr_383",52.3,2.3,"unknown","diskoid"
"LW_nr_384",43,3.3,"Area_1","diskoid"
"LW_nr_385",57.8,3.4,"Area_1","lentoid"
"LW_nr_386",144.4,2.4,"Area_1","diskoid"
"LW_nr_387",15.5,3.2,"Area_1","pyramidal"
"LW_nr_388",110.7,2.4,"unknown","pyramidal"
"LW_nr_389",221.2,2,"Area_3","diskoid"
"LW_nr_390",107.1,2.3,"Area_1","lentoid"
"LW_nr_391",138.4,3.6,"Area_3","lentoid"
"LW_nr_392",135.5,0.6,"Area_3","diskoid"
"LW_nr_393",229.4,0.5,"Area_2","lentoid"
"LW_nr_394",48.1,2.8,"Area_2","pyramidal"
"LW_nr_395",33.2,2.7,"Area_1","lentoid"
"LW_nr_396",152.9,4.4,"Area_2","pyramidal"
"LW_nr_397",72.5,1.5,"Area_1","diskoid"
"LW_nr_398",29.7,3.3,"Area_3","pyramidal"
"LW_nr_399",83.7,3.2,"Area_1","diskoid"
"LW_nr_400",80.3,2.5,"Area_1","diskoid"
"LW_nr_401",94.3,4.1,"unknown","pyramidal"
"LW_nr_402",125.6,2.4,"Area_3","pyramidal"
"LW_nr_403",282.1,3.9,"unknown","diskoid"
"LW_nr_404",97.9,2,"Area_1","pyramidal"
"LW_nr_405",45.9,3.6,"Area_1","pyramidal"
"LW_nr_406",16.1,4.2,"unknown","pyramidal"
"LW_nr_407",136.2,2.7,"Area_3","pyramidal"
"LW_nr_408",210.6,3.1,"Area_3","pyramidal"
"LW_nr_409",98.3,2.3,"unknown","pyramidal"
"LW_nr_410",49.1,3,"Area_3","pyramidal"
"LW_nr_411",94.2,2.3,"Area_3","lentoid"
"LW_nr_412",140.7,1.2,"Area_3","diskoid"
"LW_nr_413",47.2,3.8,"Area_3","diskoid"
"LW_nr_414",114.7,4.4,"Area_1","pyramidal"
"LW_nr_415",260.6,3.2,"Area_3","diskoid"
"LW_nr_416",178.7,1.7,"Area_2","lentoid"
"LW_nr_417",66.3,2.7,"Area_3","diskoid"
"LW_nr_418",66.8,2.6,"Area_1","lentoid"
"LW_nr_419",27.7,3.2,"Area_2","pyramidal"
"LW_nr_420",223.9,4,"Area_1","lentoid"
"LW_nr_421",72.3,2,"Area_2","pyramidal"
"LW_nr_422",122.4,4.8,"Area_1","pyramidal"
"LW_nr_423",179.4,5.5,"Area_3","lentoid"
"LW_nr_424",25,3.6,"unknown","diskoid"
"LW_nr_425",216.6,3,"Area_2","diskoid"
"LW_nr_426",93.2,3.1,"Area_2","lentoid"
"LW_nr_427",25,2.5,"unknown","lentoid"
"LW_nr_428",49,3.8,"Area_1","lentoid"
"LW_nr_429",162.9,3.8,"Area_2","diskoid"
"LW_nr_430",23.4,4.1,"unknown","lentoid"
"LW_nr_431",180.9,4,"Area_1","pyramidal"
"LW_nr_432",35.2,3.3,"Area_1","lentoid"
"LW_nr_433",174.8,1.7,"Area_1","pyramidal"
"LW_nr_434",219.8,4.8,"unknown","diskoid"
"LW_nr_435",92.6,1.7,"Area_3","lentoid"
"LW_nr_436",107.4,4,"Area_1","pyramidal"
"LW_nr_437",169,1.8,"Area_3","lentoid"
"LW_nr_438",31.2,2.9,"Area_2","lentoid"
"LW_nr_439",115.5,2.6,"Area_3","diskoid"
"LW_nr_440",31.6,2.2,"Area_3","diskoid"
"LW_nr_441",170.7,3.3,"Area_3","diskoid"
"LW_nr_442",190.9,3.7,"Area_2","diskoid"
"LW_nr_443",232.4,0.4,"Area_2","lentoid"
"LW_nr_444",76.4,1.5,"Area_1","pyramidal"
"LW_nr_445",118.4,2,"Area_3","diskoid"
"LW_nr_446",51.3,4.4,"Area_2","pyramidal"
"LW_nr_447",140.2,4.1,"unknown","pyramidal"
"LW_nr_448",207.1,2,"unknown","diskoid"
"LW_nr_449",145.2,1.8,"Area_3","diskoid"
"LW_nr_450",261.2,2.4,"unknown","diskoid"
"LW_nr_451",107.9,2.6,"unknown","pyramidal"
"LW_nr_452",207.7,3.8,"unknown","pyramidal"
"LW_nr_453",107.2,3.1,"Area_2","diskoid"
"LW_nr_454",63.5,3.9,"unknown","diskoid"
"LW_nr_455",32.7,3.6,"Area_2","lentoid"
"LW_nr_456",155.7,3.4,"Area_2","pyramidal"
"LW_nr_457",203.8,3.6,"Area_2","pyramidal"
"LW_nr_458",237.4,2.6,"Area_2","lentoid"
"LW_nr_459",144.8,2.5,"unknown","lentoid"
"LW_nr_460",121.9,0.6,"unknown","lentoid"
"LW_nr_461",243.8,3.3,"Area_3","pyramidal"
"LW_nr_462",93.9,1.4,"Area_1","pyramidal"
"LW_nr_463",142.4,2.1,"Area_3","diskoid"
"LW_nr_464",305.7,2.6,"Area_1","pyramidal"
"LW_nr_465",111.6,2.7,"unknown","lentoid"
"LW_nr_466",80.6,3.1,"Area_2","diskoid"
"LW_nr_467",117.9,2.9,"Area_3","pyramidal"
"LW_nr_468",66.1,0.9,"unknown","lentoid"
"LW_nr_469",83,1.9,"unknown","lentoid"
"LW_nr_470",146.7,0.7,"Area_1","diskoid"
"LW_nr_471",64.6,2.2,"Area_2","pyramidal"
"LW_nr_472",77.3,4.7,"Area_1","pyramidal"
"LW_nr_473",32,3.3,"Area_1","pyramidal"
"LW_nr_474",12.6,3.6,"Area_3","diskoid"
"LW_nr_475",32.1,1.5,"Area_1","lentoid"
"LW_nr_476",180.9,1.8,"Area_3","diskoid"
"LW_nr_477",93.3,2.9,"Area_1","lentoid"
"LW_nr_478",26.8,4.9,"Area_3","lentoid"
"LW_nr_479",116.8,2,"unknown","diskoid"
"LW_nr_480",157.5,3.4,"Area_3","lentoid"
"LW_nr_481",137.4,2.7,"Area_1","diskoid"
"LW_nr_482",135.7,3,"Area_3","pyramidal"
"LW_nr_483",226.9,3.4,"unknown","lentoid"
"LW_nr_484",32.8,2.4,"Area_2","pyramidal"
"LW_nr_485",112.6,2.9,"unknown","pyramidal"
"LW_nr_486",133.3,3.6,"Area_1","pyramidal"
"LW_nr_487",44.3,2.5,"Area_1","pyramidal"
"LW_nr_488",199.1,2.7,"Area_3","pyramidal"
"LW_nr_489",26.3,0.9,"Area_2","diskoid"
"LW_nr_490",60.9,4.1,"Area_2","pyramidal"
"LW_nr_491",50.4,2.4,"Area_3","diskoid"
"LW_nr_492",128.2,2.5,"unknown","diskoid"
"LW_nr_493",136,3.3,"Area_1","lentoid"
"LW_nr_494",36.5,2.5,"unknown","diskoid"
"LW_nr_495",195,3.7,"Area_3","lentoid"
"LW_nr_496",316.4,3.5,"Area_3","pyramidal"
"LW_nr_497",19.6,3.6,"Area_3","pyramidal"
"LW_nr_498",83.4,4.9,"unknown","pyramidal"
"LW_nr_499",93,3.2,"Area_2","lentoid"
"LW_nr_500",28.6,4.5,"Area_1","lentoid"
"LW_nr_501",157.1,2.8,"Area_1","pyramidal"
"LW_nr_502",253.9,3.4,"Area_2","diskoid"
"LW_nr_503",46.1,4.4,"Area_2","lentoid"
"LW_nr_504",194.8,3.6,"Area_2","pyramidal"
"LW_nr_505",77.7,3.8,"unknown","lentoid"
"LW_nr_506",68.1,3.7,"unknown","lentoid"
"LW_nr_507",56.7,2.1,"Area_3","lentoid"
"LW_nr_508",108.8,3,"Area_2","diskoid"
"LW_nr_509",121.3,3.9,"Area_3","diskoid"
"LW_nr_510",147.1,3.2,"Area_2","diskoid"
"LW_nr_511",40.4,1.4,"Area_3","diskoid"
"LW_nr_512",178.3,5.3,"Area_2","lentoid"
"LW_nr_513",142.8,3.5,"Area_3","lentoid"
"LW_nr_514",88.5,2.8,"Area_3","diskoid"
"LW_nr_515",74.5,3.2,"unknown","pyramidal"
"LW_nr_516",275,3.8,"Area_2","pyramidal"
"LW_nr_517",172.8,3.8,"unknown","lentoid"
"LW_nr_518",68.1,1.8,"Area_3","pyramidal"
"LW_nr_519",15.5,4.2,"Area_3","lentoid"
"LW_nr_520",89.4,3.3,"unknown","pyramidal"
"LW_nr_521",88.3,2.7,"Area_3","diskoid"
"LW_nr_522",110.8,2,"Area_3","pyramidal"
"LW_nr_523",207.7,4.7,"Area_3","pyramidal"
"LW_nr_524",52.2,2.3,"Area_2","lentoid"
"LW_nr_525",84.5,3.2,"Area_1","pyramidal"
"LW_nr_526",98,3.5,"unknown","diskoid"
"LW_nr_527",41.6,3.7,"unknown","pyramidal"
"LW_nr_528",85.2,3.5,"Area_1","pyramidal"
"LW_nr_529",86.1,3.7,"Area_3","lentoid"
"LW_nr_530",73.8,2,"Area_2","pyramidal"
"LW_nr_531",153.3,2.7,"Area_3","pyramidal"
"LW_nr_532",49,2,"Area_3","lentoid"
"LW_nr_533",123.5,1,"Area_2","diskoid"
"LW_nr_534",125.2,2.8,"unknown","pyramidal"
"LW_nr_535",199,3.6,"Area_3","pyramidal"
"LW_nr_536",65.2,4.8,"Area_2","lentoid"
"LW_nr_537",208,2.5,"Area_1","pyramidal"
"LW_nr_538",105.3,0.4,"Area_2","lentoid"
"LW_nr_539",39.5,2.7,"Area_2","lentoid"
"LW_nr_540",97.9,2.9,"unknown","pyramidal"
"LW_nr_541",30.1,5.4,"Area_2","lentoid"
"LW_nr_542",70.4,3.1,"Area_3","diskoid"
"LW_nr_543",56.2,1.2,"Area_2","pyramidal"
"LW_nr_544",91.9,4.8,"unknown","diskoid"
"LW_nr_545",68.6,3.9,"Area_1","diskoid"
"LW_nr_546",93.4,3,"Area_3","lentoid"
"LW_nr_547",60.6,2.8,"Area_3","lentoid"
"LW_nr_548",160,2.9,"Area_2","pyramidal"
"LW_nr_549",172.2,2.3,"Area_1","pyramidal"
"LW_nr_550",48.7,1.9,"Area_2","lentoid"
"LW_nr_551",79.1,2.2,"Area_3","lentoid"
"LW_nr_552",240.3,2.9,"Area_1","diskoid"
"LW_nr_553",29.4,3.4,"unknown","pyramidal"
"LW_nr_554",61.1,1.5,"unknown","diskoid"
"LW_nr_555",187.4,2.8,"Area_3","pyramidal"
"LW_nr_556",133.2,1.8,"Area_3","pyramidal"
"LW_nr_557",80.8,3.8,"Area_3","lentoid"
"LW_nr_558",37.9,3.5,"Area_1","lentoid"
"LW_nr_559",80.9,3,"Area_3","pyramidal"
"LW_nr_560",39,3.9,"Area_1","pyramidal"
"LW_nr_561",166.6,2.9,"Area_2","pyramidal"
"LW_nr_562",94.5,4.3,"Area_2","lentoid"
"LW_nr_563",159.7,2.5,"unknown","pyramidal"
"LW_nr_564",87,2.1,"Area_2","diskoid"
"LW_nr_565",29.2,1.9,"Area_1","lentoid"
"LW_nr_566",86.5,4.6,"Area_1","lentoid"
"LW_nr_567",244.1,3.8,"Area_2","pyramidal"
"LW_nr_568",83.4,2.2,"Area_3","lentoid"
"LW_nr_569",96.7,2.5,"unknown","diskoid"
"LW_nr_570",124.6,2,"unknown","diskoid"
"LW_nr_571",182.5,3.7,"Area_1","diskoid"
"LW_nr_572",245.1,3.2,"unknown","pyramidal"
"LW_nr_573",195.9,3.1,"unknown","pyramidal"
"LW_nr_574",92.6,1.9,"Area_1","diskoid"
"LW_nr_575",60.3,2.2,"unknown","lentoid"
"LW_nr_576",63.6,1.9,"Area_3","lentoid"
"LW_nr_577",116.9,3.6,"unknown","lentoid"
"LW_nr_578",298,3.9,"unknown","pyramidal"
"LW_nr_579",109.9,1.6,"Area_3","pyramidal"
"LW_nr_580",66.8,3.9,"Area_1","lentoid"
"LW_nr_581",187.4,2.5,"Area_3","diskoid"
"LW_nr_582",45.1,3.1,"Area_2","diskoid"
"LW_nr_583",244.6,2,"unknown","diskoid"
"LW_nr_584",103.2,3.3,"Area_3","pyramidal"
"LW_nr_585",141,2.9,"Area_3","lentoid"
"LW_nr_586",119.3,2.2,"Area_2","diskoid"
"LW_nr_587",128.1,1.8,"unknown","lentoid"
"LW_nr_588",117.5,3.3,"Area_3","pyramidal"
"LW_nr_589",51.3,2.2,"unknown","pyramidal"
"LW_nr_590",28.4,1.9,"unknown","diskoid"
"LW_nr_591",249.2,2.5,"unknown","pyramidal"
"LW_nr_592",154.8,1.7,"Area_1","diskoid"
"LW_nr_593",117.1,2.4,"unknown","pyramidal"
"LW_nr_594",160.8,2.9,"Area_1","lentoid"
"LW_nr_595",171.3,2.3,"Area_1","pyramidal"
"LW_nr_596",224.2,3.8,"unknown","lentoid"
"LW_nr_597",10.9,3.2,"unknown","pyramidal"
"LW_nr_598",23.5,2.2,"Area_1","lentoid"
"LW_nr_599",38.5,3.2,"Area_2","lentoid"
"LW_nr_600",137.8,3.7,"Area_2","lentoid"
"LW_nr_601",33.9,3.9,"Area_3","diskoid"
"LW_nr_602",63.8,3,"Area_2","diskoid"
"LW_nr_603",252.3,2.8,"Area_2","diskoid"
"LW_nr_604",60.1,3,"unknown","pyramidal"
"LW_nr_605",88,2.5,"unknown","diskoid"
"LW_nr_606",99.5,1.6,"unknown","diskoid"
"LW_nr_607",66,3.2,"Area_3","lentoid"
"LW_nr_608",309.3,4.7,"unknown","pyramidal"
"LW_nr_609",99.6,4,"Area_1","diskoid"
"LW_nr_610",40.7,1.4,"Area_2","diskoid"
"LW_nr_611",148.6,2.2,"unknown","pyramidal"
"LW_nr_612",65.8,2.7,"Area_2","diskoid"
"LW_nr_613",41,3.9,"unknown","pyramidal"
"LW_nr_614",120.7,4,"unknown","lentoid"
"LW_nr_615",134.8,3.5,"Area_3","diskoid"
"LW_nr_616",33.1,2.7,"unknown","pyramidal"
"LW_nr_617",184.9,4.9,"Area_1","diskoid"
"LW_nr_618",47.5,3.4,"Area_2","pyramidal"
"LW_nr_619",296.5,0.6,"Area_3","diskoid"
"LW_nr_620",234.3,3.5,"Area_2","pyramidal"
"LW_nr_621",18.8,2.8,"Area_1","pyramidal"
"LW_nr_622",47.3,3.3,"Area_1","pyramidal"
"LW_nr_623",55.4,1.8,"Area_3","lentoid"
"LW_nr_624",177.5,1.8,"Area_3","pyramidal"
"LW_nr_625",14,0.1,"Area_1","pyramidal"
"LW_nr_626",102.6,3.5,"Area_3","lentoid"
"LW_nr_627",52.5,3.2,"Area_3","lentoid"
"LW_nr_628",79.3,4.3,"Area_2","pyramidal"
"LW_nr_629",79.5,2.6,"Area_3","lentoid"
"LW_nr_630",95,3.2,"Area_3","lentoid"
"LW_nr_631",192.5,3.1,"unknown","diskoid"
"LW_nr_632",114.5,1.8,"Area_2","diskoid"
"LW_nr_633",201.1,2,"unknown","pyramidal"
"LW_nr_634",58.5,3.6,"Area_3","pyramidal"
"LW_nr_635",191.9,1.9,"Area_1","diskoid"
"LW_nr_636",59,2.8,"unknown","lentoid"
"LW_nr_637",40.3,2.9,"Area_2","diskoid"
"LW_nr_638",154.3,2.9,"Area_1","lentoid"
"LW_nr_639",124.9,2.8,"Area_1","pyramidal"
"LW_nr_640",198.1,2.3,"unknown","pyramidal"
"LW_nr_641",63.1,2.2,"Area_3","lentoid"
"LW_nr_642",229.2,2.3,"unknown","diskoid"
"LW_nr_643",123.1,4.5,"Area_1","pyramidal"
"LW_nr_644",225,1.9,"unknown","diskoid"
"LW_nr_645",95.4,2.4,"Area_1","diskoid"
"LW_nr_646",123.5,3.7,"Area_1","diskoid"
"LW_nr_647",219.7,1.8,"unknown","pyramidal"
"LW_nr_648",110.3,2.7,"Area_3","lentoid"
"LW_nr_649",121.6,1.6,"Area_1","pyramidal"
"LW_nr_650",180,3.1,"unknown","diskoid"
"LW_nr_651",158.2,2.4,"unknown","lentoid"
"LW_nr_652",97.2,2.8,"Area_2","diskoid"
"LW_nr_653",228.4,2.8,"Area_1","lentoid"
"LW_nr_654",112.7,3,"Area_2","diskoid"
"LW_nr_655",191.1,2.3,"Area_3","diskoid"
"LW_nr_656",242.7,4.4,"Area_2","pyramidal"
"LW_nr_657",61,2.3,"unknown","lentoid"
"LW_nr_658",26.1,4.7,"Area_3","diskoid"
"LW_nr_659",19.3,4.4,"Area_3","lentoid"
"LW_nr_660",98.3,2.1,"Area_2","lentoid"
"LW_nr_661",56.8,3.7,"Area_2","lentoid"
"LW_nr_662",273.8,1.3,"unknown","lentoid"
"LW_nr_663",211.2,2.9,"Area_3","diskoid"
"LW_nr_664",21.3,3.8,"Area_1","lentoid"
"LW_nr_665",31.9,1.4,"Area_1","pyramidal"
"LW_nr_666",27.4,1.9,"Area_3","pyramidal"
"LW_nr_667",210.5,4.6,"Area_2","diskoid"
"LW_nr_668",108.3,3.2,"unknown","pyramidal"
"LW_nr_669",35.9,2.1,"Area_1","lentoid"
"LW_nr_670",42.8,1.7,"Area_1","lentoid"
"LW_nr_671",27,3.1,"unknown","pyramidal"
"LW_nr_672",256,2.9,"Area_3","diskoid"
"LW_nr_673",84.9,2.4,"Area_1","pyramidal"
"LW_nr_674",150.9,3.3,"Area_1","lentoid"
"LW_nr_675",147.5,1.7,"Area_3","diskoid"
"LW_nr_676",21,0.3,"Area_1","lentoid"
"LW_nr_677",213.9,3.5,"Area_2","lentoid"
"LW_nr_678",146.6,4.2,"Area_1","diskoid"
"LW_nr_679",35.9,3.4,"Area_1","pyramidal"
"LW_nr_680",105.1,3,"unknown","pyramidal"
"LW_nr_681",186.8,3.5,"Area_3","pyramidal"
"LW_nr_682",157.9,3.4,"Area_1","pyramidal"
"LW_nr_683",345.3,1.9,"unknown","pyramidal"
"LW_nr_684",37.1,1.2,"unknown","lentoid"
"LW_nr_685",77.4,2.7,"Area_1","lentoid"
"LW_nr_686",48.8,3.4,"Area_3","lentoid"
"LW_nr_687",132.5,2.5,"Area_3","lentoid"
"LW_nr_688",87.7,2.1,"Area_2","diskoid"
"LW_nr_689",164,3.3,"Area_3","lentoid"
"LW_nr_690",177.7,2.3,"unknown","lentoid"
"LW_nr_691",277.5,2.4,"Area_1","diskoid"
"LW_nr_692",110.9,2.5,"Area_2","pyramidal"
"LW_nr_693",21.3,3,"Area_1","lentoid"
"LW_nr_694",135.1,3.9,"Area_2","diskoid"
"LW_nr_695",316.9,3.4,"unknown","lentoid"
"LW_nr_696",231.3,2.5,"Area_2","diskoid"
"LW_nr_697",43.2,1.5,"Area_2","lentoid"
"LW_nr_698",49.3,4.2,"Area_2","pyramidal"
"LW_nr_699",143.4,2.1,"Area_1","pyramidal"
"LW_nr_700",56.5,1.8,"unknown","pyramidal"
"LW_nr_701",107.9,4.1,"unknown","pyramidal"
"LW_nr_702",37.3,3.1,"Area_3","diskoid"
"LW_nr_703",17.7,2.2,"Area_1","lentoid"
"LW_nr_704",134.3,2.8,"Area_2","pyramidal"
"LW_nr_705",227.8,1.6,"unknown","diskoid"
"LW_nr_706",74.9,2.7,"unknown","lentoid"
"LW_nr_707",30.2,1.1,"Area_2","pyramidal"
"LW_nr_708",67.2,2,"Area_3","lentoid"
"LW_nr_709",79.3,3.8,"Area_2","lentoid"
"LW_nr_710",34.5,2.7,"Area_3","lentoid"
"LW_nr_711",145.6,4.1,"Area_3","diskoid"
"LW_nr_712",74.2,2.2,"Area_3","lentoid"
"LW_nr_713",188,1.4,"Area_3","pyramidal"
"LW_nr_714",48.7,2.4,"Area_1","pyramidal"
"LW_nr_715",21.5,2.6,"Area_3","diskoid"
"LW_nr_716",82.4,1.4,"unknown","diskoid"
"LW_nr_717",130.7,1.9,"Area_3","diskoid"
"LW_nr_718",99.1,1.3,"unknown","diskoid"
"LW_nr_719",24.3,2.3,"Area_3","diskoid"
"LW_nr_720",247.1,1.5,"Area_2","pyramidal"
"LW_nr_721",45,3.6,"Area_1","diskoid"
"LW_nr_722",42.6,3.3,"Area_3","pyramidal"
"LW_nr_723",129.8,2.3,"Area_2","diskoid"
"LW_nr_724",64.4,4.5,"Area_3","lentoid"
"LW_nr_725",30.8,3.1,"unknown","pyramidal"
"LW_nr_726",61.8,2.3,"Area_2","lentoid"
"LW_nr_727",104.5,2.9,"Area_2","lentoid"
"LW_nr_728",100,2.8,"Area_1","lentoid"
"LW_nr_729",34.6,1.3,"Area_2","pyramidal"
"LW_nr_730",244.4,4.1,"Area_1","diskoid"
"LW_nr_731",258.2,3.2,"Area_2","diskoid"
"LW_nr_732",90.8,2,"Area_1","lentoid"
"LW_nr_733",126.7,3.2,"Area_3","diskoid"
"LW_nr_734",124.1,3.8,"Area_3","diskoid"
"LW_nr_735",62.6,2.1,"unknown","diskoid"
"LW_nr_736",144.4,2.7,"Area_1","diskoid"
"LW_nr_737",97.4,3.8,"Area_1","lentoid"
"LW_nr_738",109.3,4.1,"Area_3","diskoid"
"LW_nr_739",243.2,2.8,"Area_3","pyramidal"
"LW_nr_740",54.4,2.4,"unknown","diskoid"
"LW_nr_741",89.5,2.2,"unknown","lentoid"
"LW_nr_742",283.8,4.1,"Area_3","pyramidal"
"LW_nr_743",27.1,1.8,"unknown","diskoid"
"LW_nr_744",42.2,2.2,"unknown","diskoid"
"LW_nr_745",133.3,2.8,"Area_1","lentoid"
"LW_nr_746",169.6,2.3,"unknown","lentoid"
"LW_nr_747",201.5,2,"unknown","diskoid"
"LW_nr_748",35.2,3.4,"unknown","pyramidal"
"LW_nr_749",43.2,2.5,"unknown","lentoid"
"LW_nr_750",50.4,2.2,"unknown","diskoid"
"LW_nr_751",103.2,0.3,"unknown","diskoid"
"LW_nr_752",88.1,3.6,"unknown","diskoid"
"LW_nr_753",116.8,3.1,"Area_1","diskoid"
"LW_nr_754",153.3,1.7,"unknown","pyramidal"
"LW_nr_755",35.8,3.1,"Area_1","diskoid"
"LW_nr_756",110.1,3.4,"unknown","lentoid"
"LW_nr_757",149.4,2.5,"unknown","pyramidal"
"LW_nr_758",35.6,1.2,"Area_3","diskoid"
"LW_nr_759",112.5,1.6,"Area_3","lentoid"
"LW_nr_760",19.9,3.2,"Area_2","pyramidal"
"LW_nr_761",137.2,3.1,"Area_1","pyramidal"
"LW_nr_762",125.8,3.9,"Area_2","pyramidal"
"LW_nr_763",246.5,3.5,"unknown","lentoid"
"LW_nr_764",64.5,2.1,"unknown","pyramidal"
"LW_nr_765",156.7,2.2,"Area_2","lentoid"
"LW_nr_766",130.1,1.4,"Area_2","diskoid"
"LW_nr_767",22.9,4.8,"unknown","diskoid"
"LW_nr_768",121.9,3.8,"Area_3","diskoid"
"LW_nr_769",203.7,3.5,"unknown","diskoid"
"LW_nr_770",70.3,0.8,"Area_1","pyramidal"
"LW_nr_771",193.2,3.3,"Area_3","diskoid"
"LW_nr_772",111.5,1.8,"unknown","lentoid"
"LW_nr_773",98.9,2.8,"unknown","diskoid"
"LW_nr_774",141.1,2.7,"Area_3","pyramidal"
"LW_nr_775",142.7,3.8,"Area_1","lentoid"
"LW_nr_776",155.9,2.5,"unknown","lentoid"
"LW_nr_777",164.6,2.2,"Area_3","diskoid"
"LW_nr_778",66.3,2.2,"Area_1","diskoid"
"LW_nr_779",20.1,2.7,"Area_2","diskoid"
"LW_nr_780",154.5,3.2,"unknown","pyramidal"
"LW_nr_781",39.9,3.7,"unknown","lentoid"
"LW_nr_782",219.6,2.2,"unknown","diskoid"
"LW_nr_783",246.9,3.9,"Area_3","lentoid"
"LW_nr_784",32.9,3.4,"Area_3","diskoid"
"LW_nr_785",243.3,1.3,"unknown","pyramidal"
"LW_nr_786",60.1,2.2,"Area_1","pyramidal"
"LW_nr_787",36.4,3.1,"Area_3","diskoid"
"LW_nr_788",62.7,4.6,"Area_2","diskoid"
"LW_nr_789",194.9,3.6,"unknown","diskoid"
"LW_nr_790",11,2.6,"Area_2","diskoid"
"LW_nr_791",182.2,3.3,"Area_2","pyramidal"
"LW_nr_792",121.5,3.9,"unknown","pyramidal"
"LW_nr_793",141.6,3.6,"Area_1","diskoid"
"LW_nr_794",86.4,2.9,"unknown","lentoid"
"LW_nr_795",161.9,0.9,"Area_1","pyramidal"
"LW_nr_796",204.3,2.6,"Area_1","lentoid"
"LW_nr_797",130.3,4.2,"Area_1","lentoid"
"LW_nr_798",12,2.6,"unknown","lentoid"
"LW_nr_799",103.6,5.3,"Area_1","lentoid"
"LW_nr_800",16,2,"Area_3","pyramidal"
"LW_nr_801",205.4,2.2,"Area_1","diskoid"
"LW_nr_802",199.6,4.5,"Area_2","diskoid"
"LW_nr_803",135.5,2.8,"Area_2","lentoid"
"LW_nr_804",25.2,4.4,"Area_2","lentoid"
"LW_nr_805",88.1,1.6,"Area_1","pyramidal"
"LW_nr_806",79.9,0.9,"Area_2","lentoid"
"LW_nr_807",267.5,4.1,"Area_3","lentoid"
"LW_nr_808",91.1,5.5,"Area_2","diskoid"
"LW_nr_809",24.9,1.9,"unknown","pyramidal"
"LW_nr_810",221.3,2,"Area_2","lentoid"
"LW_nr_811",147.1,1.8,"unknown","lentoid"
"LW_nr_812",18.2,2.9,"Area_1","pyramidal"
"LW_nr_813",93.5,3.4,"unknown","lentoid"
"LW_nr_814",163.2,3.3,"Area_1","diskoid"
"LW_nr_815",150.4,3.1,"Area_2","lentoid"
"LW_nr_816",32.1,2.5,"Area_1","diskoid"
"LW_nr_817",20.6,2.9,"unknown","pyramidal"
"LW_nr_818",208,3.9,"Area_1","diskoid"
"LW_nr_819",23.2,3,"Area_3","pyramidal"
"LW_nr_820",39.9,1.8,"unknown","lentoid"
"LW_nr_821",86.9,2.9,"unknown","diskoid"
"LW_nr_822",71.5,2.9,"Area_3","pyramidal"
"LW_nr_823",168.9,1.3,"Area_3","lentoid"
"LW_nr_824",61.5,1.8,"Area_2","diskoid"
"LW_nr_825",49.7,3.1,"unknown","diskoid"
"LW_nr_826",101.5,4.9,"Area_1","diskoid"
"LW_nr_827",65.7,2.8,"Area_1","diskoid"
"LW_nr_828",21.8,2.9,"Area_2","diskoid"
"LW_nr_829",207.7,3.5,"Area_1","diskoid"
"LW_nr_830",96.3,3.8,"Area_1","pyramidal"
"LW_nr_831",201,2.2,"Area_3","lentoid"
"LW_nr_832",20.7,2.2,"Area_3","lentoid"
"LW_nr_833",320.8,2.6,"unknown","lentoid"
"LW_nr_834",55.3,1.9,"Area_2","lentoid"
"LW_nr_835",12.5,4.3,"Area_1","pyramidal"
"LW_nr_836",267.2,2.2,"Area_3","diskoid"
"LW_nr_837",59.9,4.1,"unknown","pyramidal"
"LW_nr_838",135.9,2.4,"unknown","lentoid"
"LW_nr_839",96.2,4.1,"Area_1","pyramidal"
"LW_nr_840",93,4.6,"Area_2","pyramidal"
"LW_nr_841",16,3.7,"unknown","lentoid"
"LW_nr_842",160.3,4.4,"Area_2","pyramidal"
"LW_nr_843",67.1,3.3,"Area_2","diskoid"
"LW_nr_844",25.7,2.3,"Area_1","pyramidal"
"LW_nr_845",47.8,3.3,"unknown","lentoid"
"LW_nr_846",44.1,1.7,"Area_1","diskoid"
"LW_nr_847",88.1,4.5,"Area_3","diskoid"
"LW_nr_848",41.3,2.9,"Area_3","lentoid"
"LW_nr_849",102.4,1.5,"Area_2","pyramidal"
"LW_nr_850",31.3,1.8,"Area_3","diskoid"
"LW_nr_851",74.3,2.7,"unknown","pyramidal"
"LW_nr_852",133.8,1.5,"Area_2","lentoid"
"LW_nr_853",82.7,4,"unknown","pyramidal"
"LW_nr_854",173.7,2.6,"Area_1","lentoid"
"LW_nr_855",186.9,2.8,"Area_3","pyramidal"
"LW_nr_856",54.9,3.5,"unknown","pyramidal"
"LW_nr_857",78.4,3.8,"Area_3","lentoid"
"LW_nr_858",98.7,3.2,"unknown","lentoid"
"LW_nr_859",113.4,2.9,"Area_1","pyramidal"
"LW_nr_860",48.7,2.9,"Area_2","pyramidal"
"LW_nr_861",47.9,2,"Area_3","diskoid"
"LW_nr_862",238.7,3.2,"unknown","diskoid"
"LW_nr_863",41.4,4,"unknown","diskoid"
"LW_nr_864",217,3,"Area_1","lentoid"
"LW_nr_865",65.1,2.9,"Area_2","pyramidal"
"LW_nr_866",28,1.2,"Area_2","diskoid"
"LW_nr_867",257.1,1.1,"Area_3","lentoid"
"LW_nr_868",10.7,3.3,"Area_1","lentoid"
"LW_nr_869",111.8,2.5,"Area_3","diskoid"
"LW_nr_870",68.4,1.5,"Area_3","diskoid"
"LW_nr_871",100.9,3.2,"Area_1","diskoid"
"LW_nr_872",116.1,2.2,"unknown","pyramidal"
"LW_nr_873",107.1,3.9,"Area_3","diskoid"
"LW_nr_874",252.1,3.3,"Area_3","lentoid"
"LW_nr_875",69.4,3.1,"Area_3","diskoid"
"LW_nr_876",26.7,3.4,"Area_2","lentoid"
"LW_nr_877",199.2,3.3,"unknown","pyramidal"
"LW_nr_878",52.5,1.6,"Area_3","diskoid"
"LW_nr_879",158.3,3.6,"Area_3","lentoid"
"LW_nr_880",125.9,3.7,"unknown","pyramidal"
"LW_nr_881",76.3,2.3,"Area_2","lentoid"
"LW_nr_882",108.8,5,"Area_2","lentoid"
"LW_nr_883",120.6,1.2,"Area_1","lentoid"
"LW_nr_884",35.2,2.4,"Area_3","lentoid"
"LW_nr_885",193.7,3,"unknown","lentoid"
"LW_nr_886",142.2,4.3,"Area_1","diskoid"
"LW_nr_887",174.9,2.4,"Area_2","pyramidal"
"LW_nr_888",46.1,4.1,"Area_3","pyramidal"
"LW_nr_889",248.9,1,"Area_2","diskoid"
"LW_nr_890",184,3.9,"Area_3","pyramidal"
"LW_nr_891",119.5,3.2,"Area_2","lentoid"
"LW_nr_892",23,3.3,"Area_3","pyramidal"
"LW_nr_893",34.3,4.3,"Area_2","diskoid"
"LW_nr_894",305.3,1.7,"Area_2","lentoid"
"LW_nr_895",171.7,1.7,"Area_3","pyramidal"
"LW_nr_896",189.4,1.9,"Area_3","lentoid"
"LW_nr_897",13.8,3.4,"Area_1","pyramidal"
"LW_nr_898",80.5,2.1,"unknown","pyramidal"
"LW_nr_899",126.8,2,"unknown","lentoid"
"LW_nr_900",180.3,2.4,"Area_2","diskoid"
"LW_nr_901",15.9,1,"Area_1","pyramidal"
"LW_nr_902",99.2,2.1,"unknown","lentoid"
"LW_nr_903",32,4.3,"Area_2","lentoid"
"LW_nr_904",16.8,3.8,"Area_2","diskoid"
"LW_nr_905",63,3.3,"Area_1","lentoid"
"LW_nr_906",45.9,2.9,"unknown","lentoid"
"LW_nr_907",110.6,2.3,"Area_1","lentoid"
"LW_nr_908",52.9,3.1,"Area_1","diskoid"
"LW_nr_909",146.5,1.9,"Area_3","diskoid"
"LW_nr_910",215.9,3.3,"unknown","diskoid"
"LW_nr_911",42.2,3.5,"Area_3","lentoid"
"LW_nr_912",149.4,1.7,"unknown","lentoid"
"LW_nr_913",29.9,1.8,"Area_1","lentoid"
"LW_nr_914",209.5,2.6,"Area_1","diskoid"
"LW_nr_915",186.5,2.3,"Area_2","diskoid"
"LW_nr_916",160.3,2.7,"Area_3","lentoid"
"LW_nr_917",187.4,3.2,"Area_1","lentoid"
"LW_nr_918",42.4,3.6,"Area_3","diskoid"
"LW_nr_919",136,4.4,"Area_1","pyramidal"
"LW_nr_920",18,2.6,"Area_3","diskoid"
"LW_nr_921",72.3,3.3,"Area_1","lentoid"
"LW_nr_922",38,3.2,"Area_3","diskoid"
"LW_nr_923",37.5,2.2,"unknown","lentoid"
"LW_nr_924",27.5,2.4,"Area_1","diskoid"
"LW_nr_925",63.9,1.1,"Area_3","diskoid"
"LW_nr_926",260.3,2.7,"Area_3","lentoid"
"LW_nr_927",37.5,3.2,"Area_1","pyramidal"
"LW_nr_928",175.6,2.4,"Area_2","pyramidal"
"LW_nr_929",101.4,2.4,"Area_3","lentoid"
"LW_nr_930",75.4,2.7,"Area_1","lentoid"
"LW_nr_931",151.6,2.6,"Area_2","pyramidal"
"LW_nr_932",171.6,3.4,"Area_1","diskoid"
"LW_nr_933",64.8,3.2,"Area_3","lentoid"
"LW_nr_934",115.3,2.2,"Area_1","pyramidal"
"LW_nr_935",17.6,2.8,"Area_3","lentoid"
"LW_nr_936",156,2.6,"Area_1","pyramidal"
"LW_nr_937",134.3,3.5,"Area_1","lentoid"
"LW_nr_938",144.9,3.1,"Area_3","pyramidal"
"LW_nr_939",195.5,2.6,"Area_1","lentoid"
"LW_nr_940",46.8,3.2,"Area_2","lentoid"
"LW_nr_941",230.4,3,"unknown","diskoid"
"LW_nr_942",236.3,2.1,"unknown","diskoid"
"LW_nr_943",151.1,3.7,"Area_1","lentoid"
"LW_nr_944",52.7,2,"unknown","diskoid"
"LW_nr_945",40.9,4.3,"Area_2","pyramidal"
"LW_nr_946",180.8,1.1,"unknown","lentoid"
"LW_nr_947",189.1,2.6,"Area_2","diskoid"
"LW_nr_948",144.2,2.3,"Area_1","diskoid"
"LW_nr_949",42.9,4.2,"Area_1","pyramidal"
"LW_nr_950",51.9,2.2,"Area_1","diskoid"
"LW_nr_951",221.4,2.4,"Area_1","pyramidal"
"LW_nr_952",19.7,3.3,"Area_2","pyramidal"
"LW_nr_953",132.1,2.5,"Area_1","pyramidal"
"LW_nr_954",106.2,3.5,"Area_3","pyramidal"
"LW_nr_955",39.3,3.5,"Area_2","lentoid"
"LW_nr_956",106.3,3.5,"Area_3","lentoid"
"LW_nr_957",169.5,3.1,"unknown","lentoid"
"LW_nr_958",86.2,3.4,"Area_2","lentoid"
"LW_nr_959",97.8,3,"unknown","diskoid"
"LW_nr_960",104.1,4.9,"Area_3","lentoid"
"LW_nr_961",115.1,3,"unknown","lentoid"
"LW_nr_962",133.3,3.1,"Area_1","lentoid"
"LW_nr_963",42.4,2.5,"unknown","lentoid"
"LW_nr_964",214.2,2.1,"Area_2","pyramidal"
"LW_nr_965",49.8,3,"Area_1","diskoid"
"LW_nr_966",46.7,2.7,"Area_2","lentoid"
"LW_nr_967",261.6,2.5,"Area_1","pyramidal"
"LW_nr_968",50.6,3.8,"unknown","diskoid"
"LW_nr_969",75,2.4,"unknown","pyramidal"
"LW_nr_970",98.2,4.4,"unknown","lentoid"
"LW_nr_971",46.8,2.2,"Area_2","pyramidal"
"LW_nr_972",229.1,3.4,"Area_1","pyramidal"
"LW_nr_973",14.2,1.6,"Area_2","lentoid"
"LW_nr_974",56.6,4.2,"unknown","pyramidal"
"LW_nr_975",137.1,3.1,"unknown","lentoid"
"LW_nr_976",147.5,0.6,"Area_3","pyramidal"
"LW_nr_977",35.7,1.4,"unknown","lentoid"
"LW_nr_978",17.2,4.3,"Area_3","lentoid"
"LW_nr_979",36,3.3,"Area_1","lentoid"
"LW_nr_980",25.6,4,"Area_3","diskoid"
"LW_nr_981",81.9,4.6,"unknown","diskoid"
"LW_nr_982",105.2,2.6,"Area_2","lentoid"
"LW_nr_983",108.5,3,"Area_1","lentoid"
"LW_nr_984",75.1,2,"Area_2","lentoid"
"LW_nr_985",175.4,2.5,"unknown","lentoid"
"LW_nr_986",91,2.9,"Area_1","lentoid"
"LW_nr_987",195.2,1.7,"unknown","lentoid"
"LW_nr_988",42.2,0.4,"Area_1","diskoid"
"LW_nr_989",122.8,4.7,"Area_1","lentoid"
"LW_nr_990",44.9,1.9,"Area_1","lentoid"
"LW_nr_991",53.6,3.4,"Area_1","pyramidal"
"LW_nr_992",106.7,2.1,"Area_2","lentoid"
"LW_nr_993",53.6,3.3,"Area_1","lentoid"
"LW_nr_994",112.8,2.2,"Area_2","diskoid"
"LW_nr_995",111.1,3.2,"unknown","pyramidal"
"LW_nr_996",93.3,3.3,"Area_3","pyramidal"
"LW_nr_997",105.9,1.6,"Area_2","lentoid"
"LW_nr_998",117.1,2.4,"Area_2","diskoid"
"LW_nr_999",29.5,2.7,"Area_3","pyramidal"
"LW_nr_1000",122,2,"unknown","pyramidal"
